amount,time,user_behavior
109.93428306022466,4.019581974217674,0.46907909229501366
97.2347139765763,2.509628168025606,0.4247843594409417
112.95377076201385,15.27432598904728,0.531917451041918
130.46059712816052,16.95541743568563,0.6340450446023145
95.31693250553329,0.7580674758154089,0.3124827530354255
95.3172608610164,22.469093909848556,0.5115026079147417
131.58425631014782,1.2473108076353379,0.48398672044333596
115.34869458305818,12.991112047225691,0.5671340076450466
90.61051228130096,17.017452466821993,0.521319662823769
110.8512008717193,20.903258969906055,0.42480306682611807
90.73164614375075,17.138086371178268,0.46809460643333817
90.68540492859486,19.241473993675005,0.4203974143196511
104.83924543132068,8.146804621027346,0.6076007138598598
61.73439510684404,19.555802729916294,0.5021311648671942
65.50164334973934,1.9227563132322034,0.6901190685753007
88.75424941518054,21.475599745452662,0.4939339186185379
79.74337759331152,13.14221702768967,0.42915932330895373
106.28494665190547,19.61514647909985,0.3486285607387173
81.83951848957578,10.855638828439204,0.3196860323744055
71.75392597329417,15.4458646847166,0.341586405699451
129.31297537843108,12.633663862466717,0.5267126651011483
95.4844739902693,17.558148522127965,0.5508725023229933
101.35056409375848,1.9591195687341498,0.34188092979678664
71.50503627573087,1.4484500157735312,0.5895038314076115
89.11234550949635,5.930477616243515,0.45169389483165606
102.21845179419732,3.82907232271652,0.514679301198555
76.98012845155395,20.92280559821284,0.6612220628255424
107.51396036691344,5.261135696593064,0.5896839315865532
87.9872262016239,23.42076613965915,0.47314693520941675
94.16612500413447,8.085499002506564,0.41088077745847124
87.96586775541206,4.370829976528783,0.2848184598670695
137.04556369017877,18.9527641714195,0.42808466807575796
99.73005550524132,15.808986612021027,0.4788869761172306
78.84578142088199,11.956697194875336,0.4012820472848816
116.45089824206377,13.328725222503149,0.48687430329076953
75.58312700057955,17.26084267853433,0.5076851882958768
104.1772719000951,5.4829137919511695,0.47751440181919214
60.80659752240449,23.912013985361806,0.434999741917654
73.43627902203139,23.395035891522795,0.5168654671966728
103.93722471738246,15.607816472326485,0.5441940649569409
114.76933159990821,4.789018822299483,0.3909600922557154
103.4273656237994,16.32547781835099,0.641093237974627
97.68703435223519,1.7327618155002202,0.4901411867715738
93.97792608821422,0.7356600529393456,0.5018849622944848
70.42956019265145,6.184389324269128,0.5708214423256557
85.60311583210583,11.102950961743591,0.5233216131263502
90.78722458080425,20.83854012980113,0.5953136633913245
121.1424445243783,17.45205767439139,0.5287124165201824
106.87236579136923,17.824956508799545,0.43875626253595623
64.73919689274533,10.211840026753809,0.5361503525206102
106.4816793878959,8.302439821127109,0.38562737926793383
92.29835439167367,8.904930311630466,0.5108559705776523
86.46155999388083,23.703589529665386,0.49667700093555395
112.23352577681736,0.9626205938995795,0.47918831427274605
120.61999044991902,20.808755906938764,0.4871462488561069
118.62560238232398,13.888209805737443,0.3118150954502361
83.21564953554723,10.52677006055017,0.44512750922590383
93.81575248297571,17.406183849963277,0.5092844901141115
106.62526862807128,11.680054594192868,0.51598563919974
119.51090254244718,20.962157713959854,0.3972324859074042
90.4165152430942,21.616844736270203,0.62657078408647
96.28682046672365,10.12130224496293,0.4133825151785499
77.87330051987944,6.643867133641238,0.5969457200526737
76.07586751838659,14.216407886240694,0.5427194361871684
116.25051644788397,21.896720294800584,0.4353772690156197
127.12480057141646,5.055892536135998,0.6775310892609512
98.55979756839332,14.951198005523587,0.380636316824352
120.07065795784048,15.157445282220493,0.5919154173610002
107.23272050095268,17.594712537966743,0.6000582318042978
87.09760490789752,3.1576244430542353,0.4329379790923355
107.22791211016828,17.179799152370126,0.639246530006433
130.76073132931938,21.816780495975383,0.4749953485401047
99.28347921780097,4.312394612885807,0.5288693629279857
131.29287311628013,5.701039798173063,0.526032183877122
47.60509791820511,23.31348225699935,0.4865691258529452
116.43805008750448,4.3434468650277545,0.5810808273159782
101.74094136476343,20.505242240869897,0.5793488720552213
94.01985299068265,11.814668554752835,0.3251468026761819
101.83521553071004,5.933545785676249,0.6304340242878153
60.248621707982146,20.897997630540274,0.3337508011964325
95.60656224324975,10.687326120063972,0.6032546204341658
107.14225143023492,12.355616494312564,0.6126705136827584
129.55788089483033,8.621600865594377,0.39090335697848017
89.63459563452705,14.230820434438257,0.4589185712045415
83.83012794213624,3.9245729420405464,0.38942953315140644
89.96485912830927,9.385956879642258,0.47850789697112645
118.30804235404148,23.2658957360469,0.46919657158142586
106.57502219319369,6.195202384827061,0.577966053226934
89.40479592465923,15.761679948991013,0.6310308746119608
110.26534866226712,7.804561541392677,0.6395683810789956
101.9415509869608,18.563355016478415,0.44378319734216976
119.37289981065778,3.140967857240396,0.4790778126255472
85.95893812245295,23.27570508188507,0.33165618077790493
93.44675706804463,10.890948993207342,0.4194129933503811
92.15783693735685,5.665211120315135,0.5964851633097458
70.72970103735763,1.7639219359203038,0.6615582823548232
105.92240554129152,4.074189722100978,0.3765651128120078
105.22110544359779,12.474574765344425,0.44075357408471055
100.10226913284922,8.088076234350872,0.4973594243041073
95.30825733249706,19.893200781182628,0.5280161158819607
71.69258515899172,10.341300567883343,0.4190396480078354
91.58709354469282,5.969142542103118,0.542406104446409
93.14570966946461,14.81147967849672,0.4526160652929084
83.95445461556761,16.9626532052507,0.4985547729121721
96.77428576667981,4.009005789622797,0.55462842480037
108.08101713629077,4.022861190919624,0.5006422269810937
137.7237180242106,0.8801142464050313,0.4563614109473431
103.49155625663678,17.673648361575374,0.4890390196074169
105.15100781445528,15.931308662923321,0.49116370407946647
98.51108168467665,11.391141017995533,0.4629988970117872
61.62457569401917,20.260090775260732,0.47412039373328974
99.46972249101566,19.336083670801276,0.6598647170504717
101.20460419882053,14.048504745522052,0.5560919447941238
149.26484224970574,20.838510732318205,0.47045196819708396
96.15278070437755,4.940189040882438,0.5696954404510736
106.03094684667225,2.686070865545469,0.466618051024399
99.30576460589513,6.473990676407751,0.6173124637586641
76.62643924760935,1.3700845461435565,0.5369642192198094
122.85645629030041,12.748068672024768,0.4892697855995771
115.03866065373549,22.478536615079076,0.5447716925810278
115.82063894086093,0.9442449760442315,0.34291238479315006
81.81225090410521,2.930637936240643,0.3873232531090195
128.05588621872198,10.852776678802446,0.38060749936009447
71.96297874415438,22.413000420669718,0.5142943094763707
111.73714187600541,7.587746519442012,0.6732514999485092
143.80911251619958,12.173635408521418,0.7231300146192632
80.18927349738624,0.9977486172094103,0.5638051101440757
88.67404540794456,3.5602368230901327,0.5500844474944457
101.99302730175282,23.679122951012324,0.3198942265847261
89.93048691767602,23.162848714465092,0.4457326200265978
68.98673137867735,0.11855954242583078,0.42122162480917613
101.37125949612054,22.843482850157734,0.43791524017488836
78.7539257254779,15.338878507572009,0.48318561814152106
109.47184861270364,20.83003906848053,0.45279094223028726
81.61151531532394,10.913756535212618,0.30207001896242125
130.9986881003508,12.374304685902006,0.5747910256117534
84.33493415327526,11.732317926166084,0.39272569742601937
93.55876967588648,16.004742181106504,0.523924686411115
116.27034434739339,3.3516301141515097,0.7074082669749974
75.3827136713209,0.7193661569442709,0.40806154084135765
104.54919869208258,7.390318598188582,0.246971247725367
126.14285508564856,16.91233830567952,0.47139957781198893
67.85033530877544,4.844482850950761,0.6100959634998571
103.69267717064608,16.162378399798015,0.6958347454220594
105.19765588496847,23.27788910657449,0.3770450405547583
115.6364574355462,2.2536171789460413,0.5496699223236522
75.26098578243835,16.142450837403032,0.45346895432199463
73.59086773831447,10.650005263309708,0.48940516456958644
110.43883131233795,20.835414105060128,0.7644343347017035
105.93969346466372,4.251594946737262,0.34970296716048466
105.00985700691753,16.623022853427948,0.5253739661494573
106.9289641899395,20.114766951554646,0.5467693171765433
86.39950556843019,22.670741267376556,0.6085786324939347
104.64507394322007,16.397952678951498,0.5097983153470895
105.86144946597362,11.932194336202254,0.5308050539504102
85.71297163947264,14.828333764829132,0.4608351432578209
137.31549022289514,20.853719627489237,0.5269126941245107
109.47665841823576,13.694633919331913,0.46568077245025896
76.17393005594703,0.7292894327240846,0.5621571889856051
113.1310721726766,22.342768692167468,0.4630389663956366
80.50636659545357,16.548642024757466,0.5377100393902187
115.74169207484904,16.236321258653916,0.4970737186315022
123.17191158014808,5.176203657545212,0.6126050250772168
83.5863536329658,15.813251285583773,0.49486062764115135
119.26752258488644,9.452745735699803,0.32269675317931185
108.25561853872996,15.62959144899581,0.6261921500713992
116.4412031998898,2.5582327273917773,0.4094267699137381
137.93585965307895,15.788287310472864,0.434623366135118
95.09223767994258,23.985929418496,0.44043387059565076
84.9252767128502,1.1570889326533447,0.6374438093170818
82.20971140748954,23.452180421311617,0.28643257860213045
83.68379430069123,9.765791057348896,0.8137748533659994
98.45796581171791,20.89808280809422,0.6056056809066052
106.82303949633288,18.777251617398562,0.522323891412916
105.53381598660039,13.608390263680027,0.4945105999383714
116.54366498072048,17.722781022031835,0.5285554074857657
100.26003783755814,21.08437347123235,0.5521122428379338
129.07068154314635,9.699367719624792,0.5645215585950057
94.70686333524088,7.848795877517729,0.5555604466003449
154.40338333179238,16.022241253526033,0.5089580681255249
112.51334695530012,19.388302606590205,0.4802661579692674
82.85684887167434,18.294843234638776,0.4848726716346488
78.58215003877775,19.147527572607228,0.4805091719647319
109.64944830486371,10.453999555510393,0.6133770096867065
95.53074429348298,19.62802118820052,0.5593556722280861
114.28000988184183,2.8850173288946026,0.20596113653357195
109.4647524914709,13.067738351060388,0.5655900776529761
98.54342174686255,0.1382078519549177,0.5194736194718775
83.06412563863191,7.790059917606487,0.49812912435541024
69.70305550628271,8.795076836913548,0.4611481546911114
91.06970095865958,9.50814459862213,0.6124112719986013
117.12797588646944,16.69121296055669,0.5947526462122859
104.28187488260409,9.325394430488299,0.42271223321763907
75.08522442576023,10.768646942940736,0.5407052287124535
103.46361851702363,5.701059140983859,0.40283432654587137
107.70634759457674,8.958042999104162,0.36203818352110695
82.32285127597734,5.454471054315635,0.43732827754100345
103.07450211891056,1.7567021704426473,0.5862393472382759
101.16417436892,14.482766241153069,0.5953125045376086
77.14059404338754,16.03710716532039,0.5513085420097293
107.15574720696567,14.867768304230747,0.5725095786847997
111.21569052736469,11.123857051213736,0.5516178287114959
121.66102486350553,9.114858724301516,0.43585184047770476
121.07604104069806,20.720007589723807,0.543192254467394
72.44661264085818,12.457962843269232,0.5800409525227682
81.24349920169755,11.500365063113543,0.5754291329813574
110.3007053441732,0.6154095793544565,0.6188913371474642
110.27571901824417,8.189947863027752,0.5708303847201064
110.30095372612095,9.12469485086057,0.5351448207541583
177.05462981309444,9.571746741525612,0.6070150238316427
111.41781021386333,13.924136861455974,0.497347874075094
122.71131280361197,12.806461121445082,0.41181253487722824
119.08003526986406,14.589722227042671,0.4836933036056236
113.02782502611596,18.35719827701108,0.4255097355193551
93.69461510719309,19.511657729186243,0.4324821725025618
115.17938440986535,17.234953829435867,0.48554813292844823
84.54349570924856,22.93256870291843,0.42075800790000384
95.26362786519982,0.43758198423267913,0.46920384703609597
90.29272904341794,4.698671656405106,0.31063853330462143
101.63748278772646,0.18150899947541088,0.5213293707372939
146.29317133347018,15.539393139710473,0.5001205475362224
62.65469614816504,21.552733174799684,0.4182911368931809
113.72520380749027,5.8435751178311826,0.5659245668432406
67.74568257620697,22.24882907511136,0.5937570137626559
90.56136268421133,1.4464173669494604,0.3392440135631026
121.77901193934733,22.426464643332345,0.42372752214337855
101.28560038190926,8.438944493751226,0.42308576502127015
78.44510444141387,2.4340998827811964,0.4060096898891135
85.69392581480064,11.660922220471814,0.5829474841931749
113.59195497869352,6.162637625292191,0.48061738612271965
85.39266736565727,6.836949647086148,0.4735485158689389
104.3291717916395,7.374959158230878,0.2996137635593247
100.91143679807628,19.272621547983924,0.5635418030209226
86.96799304788365,12.939870640206108,0.37607416051465276
142.8788817865065,7.4713847797440875,0.5059932630266328
112.67838044636022,14.64801079946204,0.5277376937958191
59.49714826684786,17.187616181356645,0.6360658595838651
103.72908629538856,6.54297601760481,0.3691179600880888
86.76427070463224,9.925178436608437,0.19804878441791746
117.04866669592448,2.9252662400867413,0.5183849544753695
84.14958523134598,4.347584388832328,0.6800511181510853
97.70527117066202,16.34682849515959,0.6238946352939437
110.09974557960915,4.354520344695047,0.5209659415274626
117.31510388340243,12.603921208009444,0.4508363814367953
75.99407185888447,17.017110281338383,0.5807122596637311
93.30997528318103,2.565046154273852,0.40264538002955313
90.50109377678088,13.615493271093685,0.5476357769356219
86.93341534852576,6.15750680883273,0.5505470159166627
135.30908480562192,23.110245005701916,0.606020990749888
108.09963421921911,11.605095521278194,0.7759660038911078
74.78232091329909,19.343821194603795,0.5392415967178767
118.35723894109552,13.205437011750282,0.44910363742925014
142.44312394025266,1.04190078851566,0.49744256878080056
120.64930521102293,15.195633014256536,0.3230924095110882
69.61260068091974,22.83368021295977,0.4305286868910942
90.31531854267497,14.438683683511949,0.4590717561886896
125.33822298373245,19.660532626242965,0.4475911602065408
85.84661068762438,21.220955120361786,0.5152354872033722
108.87638856292457,5.473914526774379,0.41775800676177993
115.49268106858673,5.0890761577974395,0.6121030667324472
81.46139056843833,14.6635437324238,0.5000207064918197
98.809492878764,9.864683275360914,0.49906996788613855
35.17465319861854,20.15667126880129,0.46721052834870824
79.51224717331421,21.60055496155227,0.5155190683858979
94.9486369721368,8.482113103265235,0.5825098264667634
75.04433636070301,5.684893415387569,0.41328697842890993
132.64822607863272,18.732612365852685,0.43418835109247433
71.39717244078734,6.595344853155266,0.46962739712233353
91.19911026606033,19.742743644328282,0.36541290765267853
102.61481154572182,10.169718087570308,0.4180742140278502
128.82546578132232,16.021197582995292,0.45237791264553406
71.2827569764112,2.2928475320320363,0.5874389180712728
123.26327504309918,14.972623792237751,0.5262561329001925
100.20466122039174,10.842424289693499,0.5193589911367544
80.36982697904098,14.07860311621138,0.5850897962167972
109.24206948526542,4.032340985876722,0.4862628211600603
103.9811939114694,17.68496987866037,0.539046484992889
87.9956624568241,20.707129861037487,0.48967782470675036
101.39604169980038,5.2017552021786155,0.5265362349399628
92.2937280627648,2.2971493324838814,0.44172413423884177
102.27034690502497,0.5673260651120735,0.25611828417235705
113.24261349042094,15.407316010638384,0.48657208378136957
131.72033632290703,14.570256866130737,0.642274813609994
75.24369002346302,13.12073790513768,0.5926215402241592
142.66066749312535,5.56673030678341,0.5965397484591171
60.958244009549965,9.381743901732353,0.6236130721806218
96.96429809928833,14.267432044468153,0.5088657590961437
111.76634412969153,11.922404612620065,0.5197315707405595
105.61983735470065,23.706852485157295,0.438234810456565
87.54600960358812,3.274554061361595,0.468392714397295
95.83755499285449,16.683469297142253,0.5615771149771142
90.13998130682334,9.703650434503011,0.6203884437168816
88.21270486111577,10.276790758214755,0.48605537243190006
116.99204194042049,17.222346375796228,0.45498107351485884
107.14030971930094,16.61846763178487,0.5000527958856598
86.14180809478691,23.79014384885252,0.5601206748929115
117.99199750866501,3.0814629468990056,0.3556145183866458
106.14599041753219,2.498631585219992,0.2703819046862762
116.2572423767792,17.38413161108979,0.44494631505084165
112.59257683847224,13.881286008153818,0.3779287574085841
83.42009978155855,6.579855997435341,0.4491859802352689
88.79637919606061,1.9060648557356785,0.48522196811825286
114.94587210246523,2.055797990314333,0.4546751590976987
112.2074053086693,21.46058099193884,0.6452467534470745
99.58196812071704,4.60481579324983,0.532674476460232
102.34654766617564,7.760917490772498,0.5300474359610828
125.5532979157685,5.4397536534477124,0.5622207144043402
88.1685722232834,8.519911339966495,0.3861166882219231
110.94194762340075,1.6661722259062408,0.6039111787420268
95.95614695132213,12.457434981798489,0.49242357134645404
95.6463759354556,1.6227015262131577,0.5670480617241213
121.9755370397438,19.208556187736676,0.39281427669598445
116.5083269797606,5.6090899658503925,0.34462412339839354
116.27019272001277,12.960285950508254,0.5817889658025028
126.10957614308658,21.121898101474997,0.5376409526097516
100.42007683265518,15.621056857132661,0.409794844564249
113.63905942589928,12.790986877232047,0.4130336918725306
93.79466486813088,7.784010074769014,0.6125434784414769
106.48332704976885,7.99204591339675,0.3810588107132672
97.39713891264631,16.067686924756565,0.6642672953255964
101.93991929985437,23.859344669308022,0.4099379265352131
111.90314050873828,15.884140556385088,0.5638391925608383
83.63558633533054,13.386802016880598,0.46713815242510154
141.8477455137092,17.535612245741905,0.5603187431082343
79.87965237000596,11.164934694809237,0.44558859978858073
75.71622774424536,1.4434162224188452,0.48372070939277056
123.16221747000135,13.495123581069835,0.5040919175395722
115.83325387925872,22.983006828129124,0.39978125442185275
112.4823963410431,4.207270616583831,0.5740824345420126
112.5669101852856,16.560117379695978,0.44867864335284147
99.7550645430617,4.822408527817355,0.47714000846599813
82.05491257028336,12.859864427353951,0.40056506253914875
101.51609116387452,2.320234791521271,0.24376663412046895
86.45676576975777,10.808902470196443,0.4808972237399831
119.50239466835502,18.147919893485906,0.7412615421612916
97.05885236995722,8.34171658173557,0.5784604287898024
83.49005606414977,15.957881387693233,0.4980739620265605
93.57228316694014,19.0907990589535,0.47371091707917323
108.25862908551248,22.252267667506864,0.5022465892812047
88.7255089439205,5.631409964530885,0.554711911517521
83.55559208867137,9.583581979423396,0.3819187184691155
104.87374422983825,3.6579843199300184,0.6114321694668872
104.89933142217446,23.819604051801004,0.5715381315441244
89.8611364925774,22.248023230183087,0.5718185725707935
90.57923388763355,12.95897112673343,0.5438475738809727
104.64099874715272,20.20879906503411,0.501961665769399
71.03831317005351,12.502991454529013,0.567286123596682
71.8507245124689,14.966056512066233,0.5591814133741378
85.63111557495128,2.138986370784399,0.4645959289058976
95.73105696576306,18.12649009192339,0.4426398227103099
106.2181513119601,3.065123607245636,0.5101856295261986
129.50712433899105,19.82562312606068,0.6549020151495187
117.15319246404039,18.76867410408926,0.3760892924346099
96.80122940073146,17.009872745831434,0.353247473424756
99.61967584194622,0.8678491325942908,0.5164760841236516
79.94941270724382,7.275080542687887,0.5050887701856018
99.6297372801522,6.314701677860229,0.5173341664370408
94.22682722159723,8.64327377931646,0.5243953197908501
106.45437120676179,2.103425922332125,0.4776797745365195
83.45538112895355,22.486987752745506,0.6489863438602083
110.38693028482345,13.29125377709703,0.33990960215234844
130.65477826005156,7.332583455792565,0.4171502975219754
97.82479703086285,9.527556409782802,0.48967452398509526
108.03423444197882,10.732860972116056,0.3356811188845833
113.80287983422225,14.414264000654814,0.4824145595567929
91.97559056228327,12.376306264715947,0.6661470165728018
104.48184963620834,22.065407357146015,0.5020886488295961
100.2518480156359,11.927123589739926,0.5230700905718684
101.95352197097664,23.811792355759504,0.373983523482742
84.53980432289067,20.434198985882297,0.43836385919605225
100.49020348517885,5.004252344576059,0.4624803619676063
109.95996582490899,22.33428515145399,0.4682284903243766
129.02287215590084,2.792793549251426,0.6281643795003768
119.18541652170414,19.618793003788596,0.5557691060725125
143.06364915023113,9.134959043437922,0.3888542043062968
84.65304874223901,21.071383690681667,0.5246504778432005
117.44641273441357,20.833360562578807,0.5498221748496785
103.66684011476704,19.34220960282291,0.6140149038521266
143.79605866435344,18.960730471369473,0.6580540686568374
83.83403429289697,7.312299338352979,0.3984905808172131
83.20556315638447,1.9420627932300523,0.41891424887896617
88.01214709111956,9.671524290363875,0.37424221410853836
57.52208551380386,4.164588359676208,0.47659801408930186
89.48489956638478,16.67882613365908,0.5466358374446334
84.81734676892604,8.306393436906852,0.5987334516589102
103.00787572952416,23.414644820637957,0.49240489763574774
106.83511951554318,15.383329856287968,0.46801524767451563
137.52341678431773,19.739533527224662,0.515175799224874
119.008476763721,3.1805921458043622,0.4164857098369977
88.46192688675194,20.68834757454294,0.7089538721694774
82.03170657303284,22.146172572321465,0.3392338972881941
109.83838343013011,11.689486051654463,0.5184740578895725
73.59533585958715,14.55007050602346,0.7023606219229639
136.62917531708706,18.35543522167189,0.5006799844559998
123.58880241442574,4.196127054249901,0.48099609649985053
90.6164869579059,12.061585835122617,0.46425545771895727
65.73730941818245,9.567912666535515,0.4819608318237592
127.07744748330825,3.5129758118939787,0.637284847467653
97.70920309494764,8.820826134996754,0.2788138088670493
124.75632623946923,1.6361354252518456,0.6533433701296325
68.11144682411266,0.6194857667876876,0.3576042847549855
88.01249954092454,3.2439909397157463,0.4733347670765585
100.10487399436366,23.114762678140174,0.45707555797013383
100.93961187529484,13.188708861480407,0.558855326977072
90.99869057041512,23.17973186767728,0.34018756481162526
112.45699864694997,10.379949079923168,0.5462172666081943
78.6475914123481,7.48358719404623,0.7024309623286853
97.15241029957413,12.147404708165858,0.3636825995407189
102.40591263423798,10.548280527189842,0.5189706167610396
110.28877668117498,2.535952422281854,0.4338017822203391
114.2322975617778,15.37983155256495,0.5425887206193036
77.50715816324262,5.184916380230391,0.5019147777415752
69.31771658528756,14.87011091754791,0.435851309095569
125.55353643797018,15.604826217555681,0.5487872284871074
106.64628023959183,3.6485964750875546,0.6804348109786743
85.03026926886892,1.4723910506560358,0.4809096208272701
131.02303951045047,18.738278065642554,0.5719757942148181
102.31349268585717,11.035210170463685,0.3706727042128836
123.58594368127653,1.395931092131419,0.4043563623181991
101.35036962820217,23.876791612074413,0.5472406277880377
141.21495849763974,1.3867334639127993,0.6484116028535964
135.10681684886407,16.680845492605275,0.5355613348785659
95.02071703041852,23.608294206321926,0.46869419694768455
119.43141901908712,5.740322501182215,0.4999291405423354
112.90751899170294,3.4139848484927082,0.3749592266030283
127.37263115064698,2.9132385461382935,0.5604515326355367
80.70153078839792,7.278603541622293,0.5882333062323409
113.72102919996878,2.4250994642555206,0.45479096671669195
121.16848973699176,16.611872200659164,0.4529957852240498
64.82521027153771,1.4950031551215046,0.5265878229652049
76.3348297466845,12.226131075594953,0.45632802639594044
59.21535644479799,23.920724492471443,0.49338673853741777
94.61186331110885,19.535286468144452,0.7099721789166515
114.35084511591924,14.765266517544262,0.47529742992540036
130.04714104192055,7.35008689887868,0.4641659847978778
101.4818956083955,14.973500070999323,0.4352458194364841
132.57231091142583,12.64899513387964,0.5744191971499937
72.39797083570217,10.226001213368916,0.4818775826781897
65.9323512128969,3.1370490417647874,0.4350626961678574
98.88904602206762,21.278501165771203,0.6321304032273012
107.68130897878615,10.79483157171174,0.6419603004513638
99.34610503811814,4.670940283698362,0.4399576434261295
58.65115799920247,8.82622442105495,0.3133460048639384
98.21759920974424,9.939114060694248,0.6007513689836922
73.91060998990294,19.860909493604982,0.4315370174239996
113.39345097660077,17.60674513347365,0.5790625599162769
107.33196492193696,18.463317447392157,0.3029896182288164
81.2024042734529,0.26475034628753313,0.5892597338299309
89.72266165326613,9.987695956314276,0.3788828070719219
78.81572956222097,11.552259639247767,0.5730764119066525
98.74641805453656,0.4606146437533605,0.5014273067836434
119.10284641002477,6.235517009880821,0.4046060580603355
80.28547907328912,18.24695575493124,0.45929636870732193
110.08093031035689,3.2906329374959773,0.56863184569567
89.39484763255118,12.8474431548622,0.5105894453115234
84.14254335475312,5.1648449284137,0.5584412980472484
97.85939280090885,0.29089859145343855,0.6976440584515485
79.29515355161251,5.7888349823889955,0.34357583882889486
88.92701389305635,23.420970117841293,0.6617212574968624
76.04244214822303,19.23689068519175,0.5104355937523213
139.2945026583278,23.029839463704803,0.4101215951676872
100.70527103943458,11.708497054232698,0.366968637426101
86.00548984014829,2.633668768260084,0.48108796092229666
104.27959821468444,13.151027735368631,0.5921650111924459
97.7534390061834,10.905056029439061,0.4872450879622466
95.58060800933553,20.264569985750782,0.6511154930247347
112.2833340008685,2.35398193882187,0.35488243099484407
115.1501542009461,11.717787288522675,0.49879110521539455
89.38997704778944,3.601167952655622,0.3747606555586881
88.4836351871064,7.792222245361439,0.5363631882624967
94.49896605696712,17.696569857307193,0.5886887390097301
53.9615767052883,11.424435104850396,0.4579238206318947
69.69617875602896,9.021318843498463,0.23957861433728656
127.3374853488905,9.467430685680847,0.5198948146796495
132.89935427002567,11.02672244174368,0.543673855173351
95.01927920887243,18.840397052089365,0.5404294754961698
111.53113926111533,21.410032534565627,0.6235782191822155
106.22500309087073,22.92803247609428,0.3928946320350951
161.57761616910477,18.885681270127083,0.568021610545045
122.39149822869153,7.5697654979523055,0.6192507512477975
97.44164817038467,16.515232946077013,0.3221412415993483
80.88919118799149,10.502474977329406,0.5319651825918977
67.87107359484855,6.112094929105228,0.44958201689923283
104.06927271734446,20.18091790622214,0.4918477326898354
84.87298509431393,0.9222323750957999,0.5347676483538336
71.55492580804652,21.642287811250164,0.4512771435886448
87.06854231514947,11.07545915099362,0.4324291920838388
78.3690399277121,15.29283544339873,0.5034152417488025
133.74283270145128,15.824494132938785,0.39127540611371975
117.63279513898901,21.482825776956872,0.39141748711148144
99.84054717366766,15.280072372012976,0.5679373282956504
129.59888277780053,14.734406034241482,0.3851205964841344
101.54736615295236,1.599648973456559,0.5666312500909212
82.77431597343472,12.441792526684898,0.5462591292853951
130.46248154539313,3.6040560196089997,0.32741932712094035
110.77820087369318,17.698410449315652,0.4322435347664345
79.25507691347087,12.293326099504188,0.6194109403047372
96.19322643832784,16.32546670100048,0.40188344688603184
82.48763493230486,1.0001496144572224,0.45355957376906125
72.34400538071327,2.0350083850992773,0.5462060893251897
118.52355095063282,17.191761313504372,0.5783390509282595
138.1883328094026,1.7300240639681608,0.47484611139555044
72.02864852361718,1.7101614663662064,0.44024898053083583
111.25938473381142,0.2906034056372988,0.6422369861698508
86.98714861756346,22.956033559187524,0.673889966379758
90.25749232470608,17.700200627016166,0.5978858050781796
88.15212151522262,8.47803380404954,0.5085318142565024
82.72018460640368,7.116853950903725,0.4191734278359074
100.97043255889653,8.39287751390039,0.4169555593443435
83.38099767177924,18.591684748348364,0.5522514105265758
105.40913651559677,15.872894665689945,0.5418398220888684
98.99523781101726,4.4446936288192305,0.6401598592946429
95.2210390626718,4.178624048018024,0.5650450092536139
81.84872675916804,2.3614955931215356,0.3496919698240182
88.46457338863334,15.847265272832114,0.6051947617722919
115.10782451651512,18.344943893321663,0.4001939372685587
110.01834375248761,6.361114279800097,0.46160287280476486
80.44889510402898,0.5026790647419075,0.5250200206251694
101.98664610858452,1.9721200194342563,0.6995667489783964
115.02774246743579,23.228640836280732,0.8109918556005361
66.61189437757257,7.090674659458086,0.5606723059136183
110.8672038475987,18.461355548115208,0.48168033812796124
86.74752482108306,14.991925652502331,0.553450564848055
111.41197337186318,9.1665513516695,0.5887655425873837
84.73481686914967,4.936494292693323,0.46793323744428084
63.90235798670962,2.9132740358257543,0.6795211355912323
67.44915124233674,14.7603112329328,0.5230070759191402
100.96169893322764,18.591210735306912,0.5497743089091395
105.19445003442964,15.453702084987135,0.5665924252054462
81.91366749791183,12.7272511979798,0.5421586610614456
112.77184917554747,1.0068293623592703,0.5838940500469613
66.7695987546208,23.24373066226521,0.43827468134530767
98.67840402705367,19.16914059970979,0.44416982460539695
75.77967600475087,7.027728880823154,0.3899845767028305
86.96327784395682,23.519287904612415,0.5439501230620226
100.94797342632828,14.44515815127173,0.5778936503512114
82.79173269432096,13.978143796973916,0.5457772866151885
92.30888911540349,17.95375630630877,0.6674492433347538
120.1258561842888,19.4824749141633,0.49944039811709534
88.46216260953702,15.755486575956063,0.5668741655592513
116.71384224130284,3.0742979127888006,0.39082991238606857
77.40586290684763,8.118420143867962,0.4612900297525599
110.59608355830565,22.27400736782519,0.5695537757565777
128.83137241315802,5.390774684252446,0.5849102110743144
50.56710999745421,8.932008572100319,0.4706033052335818
84.06209489059046,10.369845190660705,0.49284007481419334
111.5414425436108,10.545719752666852,0.34821262533191905
95.93909227914014,14.710549979868613,0.46429707991933905
107.42291746742617,22.63382010587298,0.5890383163519786
87.92029626568359,5.776625083980119,0.5575205016106566
101.731795749458,2.9160330312220335,0.5500665721381209
96.88645529215842,4.739291756638496,0.504977368718096
123.35564123319614,21.28619760502247,0.5007063158628177
105.08841686602426,15.499459503724944,0.4339678860526553
106.75205324150404,6.861762941739843,0.5698828420202535
91.76246067755065,19.582726535246813,0.542097294438939
90.24787551855013,20.672879912722465,0.5492018847992799
91.34883624360758,20.316344128566673,0.44739651573324196
107.88904284756593,22.054236807349305,0.28466570801287555
91.58031038359474,6.053784484160678,0.6097152711753696
105.79549713792827,18.121006289910678,0.4521162543991596
141.50801597290877,11.052947934579361,0.41372242359568795
117.42249406863385,20.207965269361477,0.5693478911913994
93.47952935664318,17.483776251878716,0.460798736008087
124.02427844327889,18.634738715993393,0.6059936384046622
91.83849253956897,15.747884104345715,0.5617005949576698
59.23750929644292,4.258290467272965,0.5683569323200478
79.83827378165192,13.08064605352652,0.36340442887994656
62.58416157948289,23.632073748588198,0.6211943985386401
92.96973031917383,22.497313595930855,0.5261250531233856
100.36836758379103,1.03616965912828,0.4630722860753797
133.52874624550566,3.955555577506491,0.5143388467342251
106.53854747528325,3.161490562909486,0.322376476710168
95.61798942382272,17.42351783964709,0.5408652811480671
116.58811162366979,19.626847916566682,0.39706284918179285
55.7772938198423,5.124272791456126,0.36473297141564653
104.71229116217131,12.140464630843896,0.3477640813782109
115.41730387773933,20.1768726722688,0.6112688374989925
70.42827508440317,17.587237074390014,0.4370736606307211
122.87508086413858,13.013692931804359,0.6533727709916499
106.76992814988829,14.16834457101055,0.4464198536947702
91.69424172198397,12.20065312599072,0.32926420424070535
112.6556373221257,7.141162831651694,0.3883475560051341
145.41385715608791,13.560527828616387,0.6235811620006939
103.6373251011699,16.533247249202176,0.48441018220633325
104.96441172600672,20.959749980659385,0.4451712703509399
90.81278200919512,15.270992495501954,0.5160018225852787
83.00311261070416,18.26691688903579,0.5501782736167545
116.60671633088491,3.841719238909752,0.6117398815902461
82.87832348182266,11.077379386074957,0.6448499229892927
101.43132474438785,0.2239588758502391,0.4640231354210914
90.44685106469767,5.9202927485189525,0.3673952313917962
109.57959651492784,17.435081162712116,0.4586534838876724
106.67324210573896,23.80343883238472,0.5260280506582886
120.75079888515799,2.3802743900931818,0.4036241073789389
89.79967202290506,9.635863580670918,0.4042849085104957
94.60250129413258,19.20170324877983,0.5343787881549885
80.42472568435386,4.896855231093572,0.4951347648429549
91.11413479847776,13.32203878325487,0.5032796995411587
107.54600986089704,17.593711104712195,0.42415046652999305
115.13977233290704,14.783650806244296,0.47695992857942326
81.5566935164475,4.512593630769987,0.40757668557316956
117.3921184021132,8.529229648457747,0.5890198411124787
127.11275717609902,18.81100282764953,0.6035249334723752
108.26869806447402,13.301436339168399,0.3153812137761906
137.53591625116132,0.12551072502990568,0.407048913980759
84.52421601792854,18.263778240674252,0.3503470744909921
75.10690593377166,0.8474725185657377,0.4349976065593102
64.42559502191443,17.89761078554957,0.4916562030209639
129.92088622978366,4.859533443965698,0.355035478030147
113.08731312708116,22.993763522865123,0.4078140186874687
98.8883065817909,8.830578031250027,0.39960426279185013
105.59937252639641,7.846358792113898,0.5207267329398944
77.49021905403247,3.5733132079786722,0.506934433703625
148.91503959233654,7.334501171765157,0.42782624466627467
102.58442363950455,21.039618283876813,0.5176820872139398
102.18789589209786,23.912024103053938,0.44533199154127345
114.51533247797384,8.839428732164361,0.47283448896739466
109.62018463473427,10.766655142909022,0.6673452090298537
104.47768048558262,17.329702516865687,0.6340461051790348
84.19051089109377,21.268698731161788,0.3700418763072402
109.42936714271991,14.23306402048282,0.5829732417879174
137.6404899295007,9.396616756267903,0.5811396554491592
126.90840092309955,9.90292418036697,0.38517367112473816
131.86373253278794,16.694835515923366,0.5818777643754861
89.7756864713763,0.07723832650268836,0.6537931918412553
80.20790359482838,14.870144099036176,0.3877455193755586
97.48426159800704,8.531832250592577,0.4082497178985736
101.11449824577389,19.06073595065002,0.6017661466843502
121.88383036941897,2.231775355755172,0.5271495310825648
66.15070740570361,14.116854406761373,0.5551476275239523
130.59100638921228,11.543349357266969,0.5340589216400496
96.83984202842021,15.415812621725458,0.5390695920928145
91.4623786010516,1.5564862675912403,0.3673527871688917
79.75791249479664,13.91961089827515,0.6047317706621449
66.90286656268461,13.475630111028568,0.6169589992427773
116.46341167923829,13.455842265988103,0.47706092559319724
101.46635934376808,14.483703998314915,0.49565230501861374
74.20078200517892,16.235230493432695,0.3468892497444278
74.09842455872769,19.319735992338472,0.5514254756017835
93.28430601419744,6.475697283077144,0.5572057441714144
133.38043050578784,19.801185844321488,0.4937808983000689
94.8081729727279,11.958136374322887,0.6124353359870502
69.93714093763788,1.849398699223948,0.46659227690200594
95.08513871828112,1.4052223018555008,0.55646059258936
94.54552860504658,8.02171964870546,0.39803356613078844
46.06226714116857,18.83752745067522,0.4976447849125762
98.91410266964375,16.98434243378198,0.48256457420971643
95.38130939582643,18.926759152137755,0.5225307922040942
113.92412729626837,12.414457354598625,0.46304730711666414
136.9791218989069,10.564775950931773,0.4868527404328332
122.53130059095514,3.5388606409508148,0.5826047171441506
94.62222618890338,7.876626086623477,0.45632357627617826
77.86948182516659,10.416464788173005,0.339342289926132
151.4671960649972,2.1264103123108136,0.6749583904205421
101.18436868028977,5.29468686506907,0.6381454078690487
100.27858583825892,14.35740705752973,0.3707737304894381
99.51749825779993,17.655914741740556,0.5689707805245194
103.9616952153571,23.96034027343079,0.4497025229448657
97.11279176152115,22.394719952245385,0.526348721533106
88.52675986239527,15.421564788844597,0.5294224129013494
89.06282117519216,10.109953279057727,0.4765592199683678
99.34493459568003,15.268256752997585,0.42162343344136033
89.1315045773247,18.855638833925568,0.4309458947683741
85.74308434645671,2.8400685821612957,0.40838080845187574
102.12860455383793,9.837717352710918,0.4168177791769555
94.90045565158289,20.155254855254814,0.4932821709950645
130.0798597716538,9.211990846393057,0.4284240010889248
46.980603832139764,13.724934509452478,0.568205206571262
121.83013703844924,14.106464660692758,0.6487246155335927
124.92170384995258,4.4274300752073446,0.4419946758629957
58.53219535183701,8.693650599654921,0.5239404500535377
93.14624811839303,8.028270929806371,0.5499685110302934
92.57118268008418,0.6287210047695551,0.5472002270919274
71.84976610564357,0.5806023333925259,0.5075955267916087
84.4436662481825,19.960729048218564,0.5742682418359722
77.78848309068343,6.553699439347498,0.5482248952680657
135.04540886847246,12.43389038973157,0.3762337577672702
118.71356786294922,7.169413766130553,0.5869156064389274
125.43110189988317,22.57630188276817,0.5887290837266742
114.4334412808647,6.22312221277857,0.42367138958214184
77.41896457565542,10.311763505734442,0.5037937835447602
89.50959467440452,20.945526011630445,0.568332899281107
109.78749122455837,20.206405603003407,0.47906861804206385
75.55744382216109,4.466434028310656,0.6072978047766012
114.25996860344776,19.263439435097048,0.7363872494619361
95.1934920368373,10.996485281709424,0.4214013967365018
92.50358384900805,11.591252930048526,0.3618955396846225
114.21919936406982,3.2035193379826508,0.5303818595604876
108.8852662297208,1.9344363301709917,0.5721562505126143
92.7806766836184,17.470543367370365,0.4769133626155231
123.18659606728497,11.915067656527194,0.6453260663321034
78.37873344800205,10.48441686276431,0.3661394200276751
112.31871213888527,17.508197487657522,0.5692918623031611
111.86202515936768,18.372309575786634,0.43941391792411066
93.80907121372019,3.8137960240644855,0.6719377906207297
106.52266044484236,14.645403587463392,0.6992515353168118
74.97772847229393,3.2484979746644527,0.4233343412216652
118.48054038413802,18.033002064697097,0.44504428640914195
96.30195727114022,15.766923750411348,0.5859587886979802
89.54553958961921,22.95875090600299,0.46128693502104856
120.98018451673778,1.6549923925541083,0.4954588782067762
85.91312618914482,1.3693133076301036,0.502538842054241
71.83077407272881,6.7724897926368035,0.30803268438023435
68.86741652952193,6.280936409661743,0.49861622539057626
112.12019902691279,5.927491177727996,0.4310272225935826
74.39141295007434,21.75010993250488,0.4506877177600228
135.0958836396873,5.989108796388146,0.6443632003468814
58.36141184232556,6.526793427087144,0.3743493105720743
133.92912736580075,18.225558298031128,0.5813205186747977
104.22034934405237,10.793756218812959,0.47210370696681914
98.06573776259215,18.64105336692435,0.47202398315041655
89.10161826382101,1.5687877815452458,0.5790371896051711
107.98272228704141,11.701708648161222,0.534005129456889
99.24730595150304,0.8067264043987832,0.5570612997219531
122.06603764033042,1.5036768829285085,0.5968184660532861
102.28455297324079,21.754498880265864,0.4668691616816677
103.00603522923755,3.341888906822284,0.43877632654922494
92.72775575572288,12.77809637460521,0.3914849473442202
98.86108752557865,9.866294462416956,0.4174589470021045
106.15603537784118,8.336239830212225,0.7949094425308725
65.7966321468675,21.596000296494537,0.6244679580736787
73.03629155788573,0.523761522611748,0.36489256337919784
114.8652818804543,15.930952468214137,0.367754204325643
103.41730876255883,23.12146642112521,0.5481866061718491
96.32033327294641,13.444036403084207,0.5547264797377967
100.36867866130787,22.483739088794202,0.5548883835317364
106.95163410723342,1.2541891028645704,0.4745044206446302
89.20480639381277,10.051039657779874,0.48745457399971
84.43390549195375,6.243786983089228,0.5327879524159358
103.91690510195363,17.539703159537517,0.508589300629333
80.43254444769936,23.55113017193392,0.2780699627252465
108.16505511428943,6.156721498661947,0.47702003694248063
65.9483279152432,15.700190435377788,0.41485935657396866
120.58311274651288,4.754343186233763,0.5175211418908512
109.45194964826086,13.567926109718638,0.7985259002603411
105.12059468627751,11.13437968052007,0.5367481665474304
119.65381967891028,23.32812791115689,0.4686470313827602
133.30948888925153,14.604654544715197,0.5921801501977252
120.2874013003626,8.38815293008365,0.5482687887209212
63.182515373367096,2.738298837310401,0.5420094490451841
74.40846066528597,3.6299238896384294,0.5606850593215671
87.50362844608642,5.407606318829642,0.7056543564829542
100.52182100421668,6.023199872167152,0.3869111564674084
110.35318040938246,20.41478538818731,0.5473632076811454
85.48512373693069,13.469346918780598,0.40736188700184617
103.73533528954157,12.561381872984795,0.5555512646342249
84.89234135293356,2.7544529248612193,0.4081313488513906
87.76964394016103,20.64335264038644,0.45826331863949155
71.86677806303555,17.34754327700361,0.47049100857620935
81.53533507778192,1.624040685600038,0.5975816719344709
72.96630788767332,16.98804233351445,0.5918454443942414
80.48253494045335,13.044917216223507,0.37542826235536153
121.07283593215679,1.9614082979226781,0.5054934110999849
81.01202222336114,10.999215396687756,0.4290420145250827
152.64764129674782,11.632710891121128,0.37414950893246657
109.86635801761778,3.978588963918618,0.47829829495756293
103.69672247389748,22.696755528006776,0.46915172115441806
82.83284439637573,20.399408915535886,0.7426716486345523
114.00619758817983,16.0565360958986,0.5432959825360696
88.48724347524453,11.095093464014573,0.36223824992457626
102.44019629290723,9.882372998028204,0.44352259958290574
151.2016907653759,15.6233632116229,0.6021383295429399
98.078802005507,13.090364865765732,0.7088442772869925
122.98546652571352,1.4945545411652548,0.34140166877620415
85.93647149748224,12.30006357048796,0.3120075614860955
99.30023019006076,19.353686813588148,0.6870965175371783
135.4160127127102,11.021757062326994,0.5389614177370904
87.46065884424465,1.246957861302442,0.41317072681236333
136.24897115993858,18.870676785216794,0.5534629086122436
114.1550387091095,4.832730771263385,0.23642522609831224
88.75066448211464,6.206900037312931,0.5003375506597161
112.64815478111042,3.9529524823751014,0.5327821172843086
119.4510889925346,7.925161556915941,0.5924270139537829
112.43619924434392,18.16203613652724,0.3986104047707462
68.59550560219087,12.465260628094496,0.5085687161403359
85.45725648350263,4.917150579617101,0.4074575373940413
95.0496272889699,21.06792187564898,0.5255383755674317
98.51133141799907,21.1099645188367,0.4104653677636976
112.41344195101357,20.893882201104166,0.45918991608397797
103.55402001866507,5.731109073156943,0.40041846052097707
73.29311282579798,10.829744260343714,0.5651136241823657
107.60395702011927,23.639751747381002,0.5858451116656666
112.21171490567646,18.52829943143977,0.4765379430042586
111.1958089586208,0.6520181094134356,0.5038237994960029
121.61561451109243,1.5649101902518092,0.35514085853664557
116.67844309097808,11.134353043495986,0.4700323351993213
109.18360158456873,21.821284940677444,0.4949795382958255
98.59668577082707,12.928843150865141,0.7620793091029976
66.78078132968017,11.947500192822964,0.3888032974225836
108.59236438265171,2.531368798959134,0.6464177238752438
104.15375374326223,15.762722513383057,0.5996858773465807
105.43157674390747,19.730475854405412,0.5280636404490137
74.46502848359381,9.130080180181496,0.6758620484195134
78.37886919183475,18.61468442220786,0.5372105472606863
121.06305706665808,23.14743969361948,0.5389159195667929
99.2088969228669,4.890395019064538,0.49468793469824546
113.63001394745248,12.559911148673791,0.6223568882418627
100.56636752260923,6.891310994029813,0.6096469233810884
100.59512278991491,19.028506056812144,0.43743227125037876
118.76567611951995,13.86224078114778,0.3680752805401233
89.67910543565252,15.229978021207291,0.4797019362604343
101.92241553881966,19.149939830781456,0.41999614356023535
90.75449422589915,9.503291343898917,0.4936475425384645
91.31007545135368,21.962161641769036,0.6237438134684139
93.81655753062721,12.792692813907358,0.45426983449132097
104.44267543267426,3.790915748048352,0.49571766186884253
90.42502756673045,16.701578836051258,0.5058022734808395
125.11512251147042,19.038272410518104,0.5848430882205284
82.10785395560993,7.60228024962064,0.2753110666015395
96.26256711677281,20.572302167970072,0.43932997052347034
91.2053788345165,21.747438114378394,0.5211283692279473
128.93955768707465,6.645707697067414,0.6200078956426861
103.93109553023149,23.60451534516533,0.4508097552493795
120.6368907893727,3.377076673170202,0.3123447293958126
70.28879253926056,4.848376041659759,0.5619711445966136
105.34100531738518,4.421396141712627,0.43646376111743707
117.79261591246873,21.45575304018889,0.38103333409096385
101.64567978550848,15.703021255799085,0.4375654610286776
121.30960750130703,3.650502797334549,0.481547464234415
89.65423099799256,10.567762040840375,0.43952553354617874
128.1869488037116,14.76715260167525,0.2794433942900931
145.977962472385,2.003138039745199,0.5897066196887132
92.74322879120682,21.17799284177613,0.6274875041278722
91.08994957198456,19.286484850596842,0.5651521991339505
129.067689542354,12.124962565839319,0.38623143295751833
131.59144291461425,23.211038766220092,0.4798508466052482
89.54279945693463,10.026263502602394,0.4993478684770542
91.59626365808285,23.618647656875947,0.559879438956191
94.36430782278985,16.03007997128705,0.5668340488718081
73.11098977931445,15.232110558094595,0.4265826201221504
81.62696107031604,3.98291748709884,0.508199555641356
79.91718466495864,21.166266199311455,0.5457280404615241
84.64404869791743,10.259752510094764,0.6455822322146767
99.30630225226437,3.8936017387795046,0.5704506539824723
104.68429465073041,0.302580479418217,0.5789056687375519
131.01000985628153,13.434136407321182,0.5083826627929361
80.03291918522419,12.657590930944231,0.6410459145203504
119.68644796953167,17.264486936859804,0.5409762795959497
95.72022311548982,21.366193272427253,0.413891208982643
99.01072580695134,1.9057580314327085,0.6403369970125191
113.49638984333208,17.555915768168695,0.5697903272539028
77.54555956875403,4.497886658341973,0.45569559788715175
107.64819492368102,20.596249275771935,0.4520507032600757
103.32904416426112,19.657524332679746,0.5296575545140761
109.84902528016298,12.979050119653065,0.5463184795267585
105.78337287815636,17.045827166959477,0.5197292265631206
149.1060027982179,7.544402716409961,0.5311308673442885
87.24520031497369,11.30802957438755,0.6699957374576381
89.38006089996365,19.71928554505132,0.6071543152234886
87.53718947150472,11.022364732157133,0.5190635591265025
88.8904576167949,8.587158367810602,0.5941310580767484
87.25225745386965,11.861098734007196,0.39674760964724604
123.78033062215104,19.87798205849324,0.5397927049946809
128.4100849597971,8.044993136900946,0.6809306349733111
88.58507412501048,4.170278235257851,0.47819541046076264
83.35288853791542,17.08833648793874,0.4152366071380915
109.42831112772808,19.823477104993962,0.4347911111406939
88.95553911438057,2.4152994845648,0.39103669626576115
112.65863635511022,5.756978706142673,0.42152380918722965
104.058460417026,3.4073277542638536,0.4629491901409971
69.68511770005536,8.350593877971999,0.3594432980821358
130.95010402660122,10.808423493729904,0.5015618333949603
135.91755346191044,17.971832087119356,0.5902277173786648
87.74422619031228,15.627542037160179,0.409224381985308
92.24596880128031,14.902285619482349,0.6519283923641769
105.7173078144981,8.456998718631706,0.5510792088527595
106.6891357997405,20.19474127403424,0.6030580585624057
113.1708854534566,11.31089201755595,0.4342165446147863
140.204090775327,23.49851851236371,0.5854525227066616
96.461055450119,15.219411319097684,0.3908066099604687
84.03405510923092,3.0303537975480657,0.5890247500836508
72.41361543970946,16.228261489810414,0.5171839339793531
85.38139920116161,7.8024963703607755,0.5553251219984784
99.33746054252406,16.471852720466337,0.3824405394375148
135.89115727035576,1.6713875558977378,0.41049301577233954
89.64777401927657,4.197154492223025,0.5597228218253385
104.47575903277797,20.537694213738874,0.4051651995775799
99.67154207854496,5.452309368564357,0.5463206292099123
123.76786546896167,20.08898700583056,0.3632862193539754
150.53864851747244,6.70262612290585,0.5848174212666668
89.38262454159359,15.429165841408985,0.3767476685231491
90.21121114963556,16.659613764235942,0.5552299937679523
120.88321754138144,12.30371407548127,0.5625630933646001
113.63782979252623,7.327456240721551,0.4303228181570425
136.93414651472068,5.103465032906307,0.5582026567084727
111.67856370651927,0.7965445094982293,0.5260442263333556
92.81415818425882,7.294713629777371,0.44611581438072617
111.81309661384618,15.675906972750791,0.39914453159237917
122.17407161165815,22.519315642763583,0.3037374308327421
116.40964362394729,20.908907574313247,0.5349650047299693
110.14548062214595,18.38555463684726,0.3435197228637945
121.33349379178307,18.922736238079167,0.5095344199441308
123.38591180891345,15.959637683423885,0.47365517839177507
127.64317982075055,6.246884581584072,0.5679142775438195
112.97419775179286,21.77268073693992,0.4697954500510136
96.65763839366291,16.097575485740016,0.4670552213652909
102.93427372866645,13.450575143530559,0.5731870704288295
124.13017933016714,2.6637472611235458,0.5335058029084118
83.66128658025528,10.72933305135421,0.5316155957182779
107.37346617745803,11.048598508846231,0.5469267589808526
92.13322375345278,20.74952662854408,0.3464427876792894
100.57489645869634,13.119557284506923,0.5756788679986982
125.56903725214598,9.129613175289832,0.5612468794013602
103.82198136039807,23.443207884255823,0.3983316871423503
100.92873096312297,2.657294239831576,0.47559195263257986
72.80287718040162,10.141162279486672,0.4960692712372369
114.92507132054442,1.008592204113727,0.48655032155982675
112.9096836228215,17.75769889840633,0.5333859966568535
143.2650944661092,22.033837252779616,0.6431366781831184
93.84443530093998,6.720895909211746,0.6081766727672828
104.38300655327878,20.6002002431789,0.36877808065685935
104.9876736742151,7.013237531085546,0.5622069990306049
131.5490655952695,21.858483879453964,0.632893331953541
98.09408935226095,18.095085686322815,0.5386808520689202
105.58043051540679,19.317762644194527,0.6090980425185967
112.15793019433079,0.432157334410908,0.7012270445700766
103.73218246312716,23.107448569776622,0.6023709546106981
91.07132770898943,17.44010380968776,0.5249308595641728
103.88179985796616,7.3140262892672,0.6045088474084753
121.47263499719544,19.905471956612327,0.5144887833096892
79.4696940117788,6.756508761958319,0.5023903043284955
102.65939348293752,20.94609214958707,0.46485857642862677
85.99758370121654,2.7019293698864884,0.6563413358832109
123.90093257849685,16.888463459059096,0.41815713340579985
69.5362619043245,12.976763439477848,0.6532367724678116
88.82156305456823,2.3168272846905795,0.5499864123740371
107.54423750129041,5.805451878212136,0.3600693825198058
131.31048058468681,0.29769687065555495,0.5367649292991421
98.68499477854024,11.25043117114814,0.28999734923483755
88.89600946613604,7.230366258240009,0.5625508016831036
137.6231413888118,14.360579623146212,0.5885231482988991
71.03972199167512,7.1337073850068125,0.44076440443479464
56.023880867598365,7.198058676167633,0.5123547695955583
108.80028900106664,17.83663676955848,0.6954157433750286
89.95891551294778,1.1554280634804828,0.4494253295738063
79.57534365738573,21.669479884607693,0.39410924129433994
114.16712894598706,20.454332985388355,0.6481663402462599
104.87601427542398,16.027312397433757,0.6962587190530795
88.71842738526543,14.237317682577224,0.5003695671847848
74.39391202658211,21.415259955351654,0.6011463035408356
117.44914656560289,4.447924308689147,0.6341475915530881
113.00402355917322,1.8952598925798867,0.4257515767461616
98.01648272441234,5.7482440778289146,0.45146941646321315
136.9327399209533,19.069878688804565,0.6230874513154735
78.59830467347695,0.8320864014355998,0.668501427870851
69.48949658150522,13.987364042003751,0.5562880860174355
86.16183860237511,23.890500388591438,0.4120185646497946
99.08827967289004,20.536706252100945,0.6987061111699442
104.86678898645384,12.514696537046147,0.4469029102188036
95.1752788428734,1.5273818228794163,0.4664862218828548
107.04110793028593,19.952964345257037,0.5342337834489621
74.96921151619112,14.375484196253053,0.6554160420714774
128.8752920814652,2.758391929429604,0.5853975976552224
98.35697643214863,2.252574835760549,0.5414865500361911
122.34591663176255,21.831043666478216,0.5463288530118107
106.85450692755408,16.060806310513883,0.5043514668643466
109.13506438307567,19.902883183602132,0.5558139514518506
111.39534560464408,21.095493606774415,0.24704399223056966
108.9541712003463,13.722536449159733,0.4703392540930202
112.85445519735087,12.418712442120992,0.5241321934916781
126.58305060264863,10.330257847703765,0.3848985916380493
103.9304233940294,7.606718106986863,0.538632331781156
114.18007515177024,10.430303060609083,0.47955287790138784
98.20528611425547,18.573111737523753,0.675547569831549
128.80234430898946,14.446162344363158,0.6573019725214857
86.4721539588146,21.420558958916306,0.4534194430881837
136.0188086582163,10.641120345100505,0.48491622884333047
99.19684098711313,14.570149889250096,0.49260524343916073
71.38449795763904,15.15138127420773,0.45483405238403773
102.56208829821578,14.200731895351812,0.5195024984028127
86.37896685050238,16.863210554052394,0.424171793111241
116.81287097977449,5.698403240995351,0.38693846650624736
86.94752041395218,12.296730661098977,0.5622711223900269
91.07633133570441,2.501395267400344,0.5629529584221811
62.209185381089384,9.228271863475502,0.41956842403400074
90.95387361501847,11.704009646910347,0.58953554307626
51.52241346742087,15.653382229091338,0.43684222708346687
68.32194353028554,22.812745262068884,0.5253165238037981
115.20829312288595,14.415625597160542,0.5820344012612456
115.71600317301665,17.846253988237436,0.4966387435296287
108.50915123569929,12.150385427884867,0.5454740912141134
80.66047713741574,15.218496753031951,0.44835703561124285
99.0457728771604,1.7023731872105623,0.4803533416571903
99.92794921818863,6.105397940204328,0.479414056911966
76.83270621614915,8.684474236923329,0.42534216534597613
130.067966035343,11.339840520156326,0.4823225836884218
117.54724581151342,1.0955698920572097,0.34513817011362535
95.58071652340672,3.3605783412796244,0.45088462528578954
100.53771677989062,6.643543386991339,0.47151245066303293
104.16765615895105,23.316784581625214,0.474382024750462
59.16530263151419,7.952328170473218,0.47585025541292214
95.05645234958806,11.568985394689982,0.49382358001398713
86.36031504004403,4.7063451057214305,0.5479441518086063
79.96759980210169,14.658721705818438,0.5874517074132523
94.3779941422809,6.736397172383383,0.43502347731517327
135.95373053699046,4.967821882522243,0.37967991446108557
112.8168572253402,12.397743082703498,0.3957955587756897
88.57642020434406,0.1321391798500997,0.4512797078805073
111.45165562712317,0.18393678358140786,0.4648078682183491
2025.8522440670638,13.782901802165064,2.689480177392855
2421.2789938955507,16.013096092660344,3.6579868033302447
3695.976832582922,18.649182855642145,3.1165197657406916
1250.2593688778063,20.69287136779653,3.9850017788875673
1842.0277586613718,7.533011921339292,2.4236706301194486
4236.094561166706,12.91254492873367,3.712632250518429
1587.687694335083,20.162593882540797,2.555811066149971
2370.5805860900864,23.746827143161354,2.835929189345109
4458.63568743256,21.348463465050315,2.65612940097075
1619.7012445737705,8.915214302985042,2.548513339606451
1330.9473424727596,4.68399641324761,4.477132854682001
2938.1519803200435,11.74542089775813,2.857122702982671
2209.678045114146,17.799394844065013,4.781371345593348
3253.6334579354166,11.821657698079143,4.9097795760355725
4215.2195619339,11.596340719528044,3.713781409811292
1548.5939526109728,20.117530105963212,2.429003367997179
3322.79633821714,8.673690697612471,3.1236447301387438
3022.0350415594557,20.635072195479495,4.393196790044642
1576.3151440527981,9.763315222841365,3.1021721860912113
3495.9939421159297,7.877594536280146,2.2610516549083663
2094.5616714430867,10.895757868792776,3.670354732784564
2951.33727417605,18.298727008196842,4.535362554488104
1329.0892971082476,3.0240486687358628,4.387779161430507
2838.336228854492,4.714061180928417,2.5253694203910597
2225.853872171281,22.834675815914206,4.0182938432374
4289.524844741418,4.211799057152577,2.6615127903069413
1227.914907989473,13.62545563034531,2.6546226036565166
2674.42909967332,13.903547199886509,4.622215319915556
2833.725696525752,11.750987089205875,2.7490068582206906
3900.024305196475,15.473885965843646,2.7897420395540333
